Precision,Recall,Fscore
0.7058146229130685,0.7553912507701787,0.7297619047619047